6J47-ZZFC	https://www.familysearch.org/ark:/61903/1:2:H9RL-CL3C
6XH5-4FLQ	https://www.familysearch.org/ark:/61903/1:2:41ZC-M5WC
6VT8-3ZHW	https://www.familysearch.org/ark:/61903/1:2:HSF4-7YR5
6XH5-4QSF	https://www.familysearch.org/ark:/61903/1:2:41ZC-C4RW
6XH5-ZCYQ	https://www.familysearch.org/ark:/61903/1:2:41ZH-1PQZ
6XHT-V3RM	https://www.familysearch.org/ark:/61903/1:2:41ZC-GFM5
6XHT-NZDN	https://www.familysearch.org/ark:/61903/1:2:41ZC-1C4Z
6VT8-4VH6	https://www.familysearch.org/ark:/61903/1:2:HSF4-HWL7
6XH5-V89M	https://www.familysearch.org/ark:/61903/1:2:41ZC-QQ5V
6XHT-Y456	https://www.familysearch.org/ark:/61903/1:2:41ZC-B4NZ
6VT8-NW1B	https://www.familysearch.org/ark:/61903/1:2:HSF4-7W73
6XHT-JPLF	https://www.familysearch.org/ark:/61903/1:2:41ZZ-S4ST
6VT8-FML4	https://www.familysearch.org/ark:/61903/1:2:HSF4-ZMJ4
6XH5-K921	https://www.familysearch.org/ark:/61903/1:2:41ZH-T1JN
6XHT-GXMR	https://www.familysearch.org/ark:/61903/1:2:41ZC-1C71
6VT8-6MZQ	https://www.familysearch.org/ark:/61903/1:2:HSF4-Q3BW
6XHT-2HZF	https://www.familysearch.org/ark:/61903/1:2:41ZC-VS4K
6VT8-3ZN3	https://www.familysearch.org/ark:/61903/1:2:HSF4-VTZK
6VTF-YLJ4	https://www.familysearch.org/ark:/61903/1:2:HSFC-X3NH
6VT8-35W1	https://www.familysearch.org/ark:/61903/1:2:HSF4-ZGKH
6VT8-W28Y	https://www.familysearch.org/ark:/61903/1:2:HSF4-X5DJ
6XHT-51N9	https://www.familysearch.org/ark:/61903/1:2:41ZC-548Y
6XHT-TXRR	https://www.familysearch.org/ark:/61903/1:2:41ZZ-9RZP
6VT8-VCCR	https://www.familysearch.org/ark:/61903/1:2:HSF4-8W6G
6XHT-JX29	https://www.familysearch.org/ark:/61903/1:2:41ZC-5K8L
6VT8-CRSM	https://www.familysearch.org/ark:/61903/1:2:HSF4-VQM9
6XHT-VRR5	https://www.familysearch.org/ark:/61903/1:2:41ZC-RM2X
6VT8-H89F	https://www.familysearch.org/ark:/61903/1:2:HSF4-3ZDW
6XHT-VTDZ	https://www.familysearch.org/ark:/61903/1:2:41ZC-K1S6
6XHT-5KHL	https://www.familysearch.org/ark:/61903/1:2:41ZC-GX9Q
6XHT-RZKX	https://www.familysearch.org/ark:/61903/1:2:41ZC-5KNL
6XH5-HBJ8	https://www.familysearch.org/ark:/61903/1:2:41ZH-1HRG
6VT8-DSJQ	https://www.familysearch.org/ark:/61903/1:2:HSF4-NZ84
6X76-VV16	https://www.familysearch.org/ark:/61903/1:2:41HY-T3PH
6X7X-72NC	https://www.familysearch.org/ark:/61903/1:2:41HB-7MWR
KXRF-DPV	https://www.familysearch.org/ark:/61903/1:2:9MKM-HPVK
71VJ-TJ6Z	https://www.familysearch.org/ark:/61903/1:2:7JTD-S4T2
FNJP-RLM	https://www.familysearch.org/ark:/61903/1:2:9XFX-4DB
KX55-RQ6	https://www.familysearch.org/ark:/61903/1:2:9MKM-MV48
KX55-RQZ	https://www.familysearch.org/ark:/61903/1:2:9MKM-MV4Z
6X3B-SGQ3	https://www.familysearch.org/ark:/61903/1:2:41H6-9VCN
6X3Y-BHGL	https://www.familysearch.org/ark:/61903/1:2:41HD-2HWN
6X3B-7VCV	https://www.familysearch.org/ark:/61903/1:2:41H6-9H21
6X3B-7WLM	https://www.familysearch.org/ark:/61903/1:2:41H6-X33T
Q2QJ-L3V8	https://www.familysearch.org/ark:/61903/1:2:QL9J-1VSW
6X7F-GLZC	https://www.familysearch.org/ark:/61903/1:2:41HB-JL1G
6X7D-99C1	https://www.familysearch.org/ark:/61903/1:2:41HY-SWZT
6XH5-VPYW	https://www.familysearch.org/ark:/61903/1:2:41ZC-74YQ
6XH5-XDKP	https://www.familysearch.org/ark:/61903/1:2:41ZC-HNLH
6X7V-G55L	https://www.familysearch.org/ark:/61903/1:2:41H1-Z5CH
6XHP-YMGL	https://www.familysearch.org/ark:/61903/1:2:41ZC-74RB
6XHY-TZ21	https://www.familysearch.org/ark:/61903/1:2:41ZZ-C6KY
6VT8-W2YD	https://www.familysearch.org/ark:/61903/1:2:HSF4-JR9G
6XHT-PLHX	https://www.familysearch.org/ark:/61903/1:2:41ZC-TTZ9
6XHY-K3FL	https://www.familysearch.org/ark:/61903/1:2:41ZZ-4FF9
6XHY-4NY4	https://www.familysearch.org/ark:/61903/1:2:41ZC-RRLX
6XHY-V96R	https://www.familysearch.org/ark:/61903/1:2:41ZZ-HJS7
6X7V-QXNN	https://www.familysearch.org/ark:/61903/1:2:41HY-C7VJ
6XHY-JHNW	https://www.familysearch.org/ark:/61903/1:2:41ZZ-9KRD
6XHY-KPL6	https://www.familysearch.org/ark:/61903/1:2:41ZZ-9BPY
6XHY-X8RN	https://www.familysearch.org/ark:/61903/1:2:41ZZ-91WQ
6XHY-DJGM	https://www.familysearch.org/ark:/61903/1:2:41ZZ-3WW4
KX5X-2QB	https://www.familysearch.org/ark:/61903/1:2:9MV1-TRPB
FNPL-DZ9	https://www.familysearch.org/ark:/61903/1:2:1KQV-XLW
FNPL-8S9	https://www.familysearch.org/ark:/61903/1:2:1KQV-FCT
Q2QN-PZ5S	https://www.familysearch.org/ark:/61903/1:2:QL9J-NSR5
6X76-RKHG	https://www.familysearch.org/ark:/61903/1:2:41HB-9C6W
QVSZ-VX87	https://www.familysearch.org/ark:/61903/1:2:QKLF-BKBX
6X3B-2YZP	https://www.familysearch.org/ark:/61903/1:2:41H6-Q4CS
6X3Y-PX6R	https://www.familysearch.org/ark:/61903/1:2:41H6-MF71
6X3W-3S8T	https://www.familysearch.org/ark:/61903/1:2:41H3-FN38
6X7D-7585	https://www.familysearch.org/ark:/61903/1:2:41HY-9H2J
KXRK-X1Z	https://www.familysearch.org/ark:/61903/1:2:9MKM-ZF7D
6X7D-FLM1	https://www.familysearch.org/ark:/61903/1:2:41HY-7DXZ
KX55-R79	https://www.familysearch.org/ark:/61903/1:2:9MKM-MV4J
FNJP-RLD	https://www.familysearch.org/ark:/61903/1:2:9XFX-46S
6XHT-R3HP	https://www.familysearch.org/ark:/61903/1:2:41ZZ-MG2N
6XW9-ZBGG	https://www.familysearch.org/ark:/61903/1:2:41C7-HNVM
6X3R-F3TK	https://www.familysearch.org/ark:/61903/1:2:41H8-BZD6
6X3B-WVXG	https://www.familysearch.org/ark:/61903/1:2:41H6-9J7Q
6X3T-624W	https://www.familysearch.org/ark:/61903/1:2:41HD-JN2D
6X3Y-VBWH	https://www.familysearch.org/ark:/61903/1:2:41H6-9468
6X35-J84G	https://www.familysearch.org/ark:/61903/1:2:41H8-VC2T
6X3T-KKBX	https://www.familysearch.org/ark:/61903/1:2:41HD-4ZBG
6X3Y-RJ2D	https://www.familysearch.org/ark:/61903/1:2:41H6-Q7G2
6X3Y-G7KF	https://www.familysearch.org/ark:/61903/1:2:41HD-BVNN
6X3T-J6FT	https://www.familysearch.org/ark:/61903/1:2:41HD-JVMV
6X3Y-PPCC	https://www.familysearch.org/ark:/61903/1:2:41H6-MXS3
6X3S-SZ2C	https://www.familysearch.org/ark:/61903/1:2:41H9-2D39
6X3Y-KCJZ	https://www.familysearch.org/ark:/61903/1:2:41HD-XD2J
6X3R-M1JS	https://www.familysearch.org/ark:/61903/1:2:41HD-9JLK
6X35-RHR2	https://www.familysearch.org/ark:/61903/1:2:41HD-DV3H
6X3Y-GW9C	https://www.familysearch.org/ark:/61903/1:2:41HD-GSHM
6X3B-9QKY	https://www.familysearch.org/ark:/61903/1:2:41H6-WZ89
6X3B-44MH	https://www.familysearch.org/ark:/61903/1:2:41HD-BHCD
6X35-LSW4	https://www.familysearch.org/ark:/61903/1:2:41H8-HDY3
6X3B-TNP3	https://www.familysearch.org/ark:/61903/1:2:41HD-137L
6X3Y-66P8	https://www.familysearch.org/ark:/61903/1:2:41HD-B83T
6X3B-Z7SW	https://www.familysearch.org/ark:/61903/1:2:41H6-H7XY
6X3R-7QLW	https://www.familysearch.org/ark:/61903/1:2:41HD-6ZJZ
6X3B-4NFN	https://www.familysearch.org/ark:/61903/1:2:41H6-MNHN
6X35-18WN	https://www.familysearch.org/ark:/61903/1:2:41HD-Z5JF
6X3B-42DV	https://www.familysearch.org/ark:/61903/1:2:41H6-6C2K
6X3T-S8G2	https://www.familysearch.org/ark:/61903/1:2:41HD-92TW
6X3Y-4XNK	https://www.familysearch.org/ark:/61903/1:2:41H6-7JYK
6X3Y-5S9R	https://www.familysearch.org/ark:/61903/1:2:41H6-X9B2
6X35-KBTG	https://www.familysearch.org/ark:/61903/1:2:41H8-NBPD
6X3R-F9NV	https://www.familysearch.org/ark:/61903/1:2:41HD-ZPP1
6X3B-6MBM	https://www.familysearch.org/ark:/61903/1:2:41H6-S57V
6X3B-7PVB	https://www.familysearch.org/ark:/61903/1:2:41HD-KN96
6X3R-LNM9	https://www.familysearch.org/ark:/61903/1:2:41HD-WTMK
6X3T-HK3T	https://www.familysearch.org/ark:/61903/1:2:41H8-BX25
6X35-8JTT	https://www.familysearch.org/ark:/61903/1:2:41HD-3D3Q
6X3R-GY1G	https://www.familysearch.org/ark:/61903/1:2:41HD-CPM3
6X3T-JZ5S	https://www.familysearch.org/ark:/61903/1:2:41HD-7666
6X3T-4BCT	https://www.familysearch.org/ark:/61903/1:2:41HD-WR3R
6X3B-BG32	https://www.familysearch.org/ark:/61903/1:2:41H6-WDJ3
6X3B-H5CL	https://www.familysearch.org/ark:/61903/1:2:41H6-C2MT
6X3T-SN1K	https://www.familysearch.org/ark:/61903/1:2:41HD-ZTRT
6X3B-32S3	https://www.familysearch.org/ark:/61903/1:2:41H6-WMDD
6X3R-NCRJ	https://www.familysearch.org/ark:/61903/1:2:41HD-2998
6X3B-Q2RW	https://www.familysearch.org/ark:/61903/1:2:41H6-9WTL
6X3R-M2YV	https://www.familysearch.org/ark:/61903/1:2:41H8-PTWW
6X3R-8N8C	https://www.familysearch.org/ark:/61903/1:2:41HD-DKC1
6X35-YXBT	https://www.familysearch.org/ark:/61903/1:2:41H8-587P
6X3S-T8R2	https://www.familysearch.org/ark:/61903/1:2:41H9-R4J1
6X3Y-N8VN	https://www.familysearch.org/ark:/61903/1:2:41H6-SLTJ
6X3R-H3SH	https://www.familysearch.org/ark:/61903/1:2:41HD-C29X
6X35-B1FW	https://www.familysearch.org/ark:/61903/1:2:41HD-X34D
6X3R-1DK1	https://www.familysearch.org/ark:/61903/1:2:41H8-VRLV
6X3R-PB7V	https://www.familysearch.org/ark:/61903/1:2:41H8-RMGH
6X3R-35Z4	https://www.familysearch.org/ark:/61903/1:2:41H8-BZL4
6X3B-7HGN	https://www.familysearch.org/ark:/61903/1:2:41HD-2HLD
6X3B-R5HJ	https://www.familysearch.org/ark:/61903/1:2:41H6-J643
6X3Y-GKYM	https://www.familysearch.org/ark:/61903/1:2:41HD-KY6P
6X3B-WM24	https://www.familysearch.org/ark:/61903/1:2:41H6-9Z41
6X3B-YBDD	https://www.familysearch.org/ark:/61903/1:2:41H6-72F3
6X3R-X9ZY	https://www.familysearch.org/ark:/61903/1:2:41HD-XT4K
6X3T-P9HH	https://www.familysearch.org/ark:/61903/1:2:41HD-CBFW
6X3Y-P486	https://www.familysearch.org/ark:/61903/1:2:41HD-G95X
6X3Y-CFY2	https://www.familysearch.org/ark:/61903/1:2:41HD-7XRR
6X3Y-MC2X	https://www.familysearch.org/ark:/61903/1:2:41HD-6BQC
6X31-3W9K	https://www.familysearch.org/ark:/61903/1:2:41HD-L9HX
6X3Y-R27W	https://www.familysearch.org/ark:/61903/1:2:41H6-8F6Y
6X3T-GV4X	https://www.familysearch.org/ark:/61903/1:2:41HD-BFHV
6X3B-LFZH	https://www.familysearch.org/ark:/61903/1:2:41HD-L9CG
6X33-8JGZ	https://www.familysearch.org/ark:/61903/1:2:41H9-JKFP
6X3B-WVJT	https://www.familysearch.org/ark:/61903/1:2:41HD-KYF1
6X3Y-6F1Y	https://www.familysearch.org/ark:/61903/1:2:41HD-6VP7
6X3Y-MZS3	https://www.familysearch.org/ark:/61903/1:2:41HD-6B67
6X3B-Z67D	https://www.familysearch.org/ark:/61903/1:2:41H6-JDFK
6X3B-M22Q	https://www.familysearch.org/ark:/61903/1:2:41HD-KTLF
6X3B-6Y1J	https://www.familysearch.org/ark:/61903/1:2:41HD-LDC4
6X3T-J8B9	https://www.familysearch.org/ark:/61903/1:2:41H8-59L4
6X3T-P968	https://www.familysearch.org/ark:/61903/1:2:41HD-2YJP
6X3Y-3249	https://www.familysearch.org/ark:/61903/1:2:41HD-NX1V
6X3B-SMH3	https://www.familysearch.org/ark:/61903/1:2:41H6-8J9K
6X3R-6PVT	https://www.familysearch.org/ark:/61903/1:2:41HD-W646
6X3R-CN6H	https://www.familysearch.org/ark:/61903/1:2:41HD-WGC8
6X3R-D6K7	https://www.familysearch.org/ark:/61903/1:2:41H8-PY98
6X3T-1H59	https://www.familysearch.org/ark:/61903/1:2:41HD-BY6G
6X3B-7R9K	https://www.familysearch.org/ark:/61903/1:2:41H6-WZ67
6X3Y-YGRD	https://www.familysearch.org/ark:/61903/1:2:41H6-Z8Y5
6X3Y-5S9C	https://www.familysearch.org/ark:/61903/1:2:41H6-X9BX
6X3Y-G3TM	https://www.familysearch.org/ark:/61903/1:2:41H6-HQL4
6X3T-Y65J	https://www.familysearch.org/ark:/61903/1:2:41HD-L436
6X3Y-K8F4	https://www.familysearch.org/ark:/61903/1:2:41H6-Q7RF
6X3R-D253	https://www.familysearch.org/ark:/61903/1:2:41HD-S6WX
6X31-SNLZ	https://www.familysearch.org/ark:/61903/1:2:41H6-69CP
6X3Y-N8LF	https://www.familysearch.org/ark:/61903/1:2:41H6-94P1
6X3R-MGVF	https://www.familysearch.org/ark:/61903/1:2:41HD-X3W2
6X3R-P1XD	https://www.familysearch.org/ark:/61903/1:2:41HD-QY2C
6X3Y-Q84M	https://www.familysearch.org/ark:/61903/1:2:41HD-L479
6X3Y-CNQW	https://www.familysearch.org/ark:/61903/1:2:41HD-KX3X
6X3B-JP8Q	https://www.familysearch.org/ark:/61903/1:2:41H6-S5NF
6X3R-LFY6	https://www.familysearch.org/ark:/61903/1:2:41HD-Q1MH
6X3R-4BVZ	https://www.familysearch.org/ark:/61903/1:2:41H8-N1G9
6X3Y-WBYT	https://www.familysearch.org/ark:/61903/1:2:41H6-SJ6D
6X3B-Z756	https://www.familysearch.org/ark:/61903/1:2:41H6-8XN9
6X3T-LWYZ	https://www.familysearch.org/ark:/61903/1:2:41HD-TZD9
6X35-F27P	https://www.familysearch.org/ark:/61903/1:2:41H8-GT6R
6X3B-D1DQ	https://www.familysearch.org/ark:/61903/1:2:41H6-X3K8
6X33-V7GJ	https://www.familysearch.org/ark:/61903/1:2:41HS-9FCH
6X3Y-5MM6	https://www.familysearch.org/ark:/61903/1:2:41H6-4PY9
6X3R-N4GN	https://www.familysearch.org/ark:/61903/1:2:41HD-J638
6X3T-1CL6	https://www.familysearch.org/ark:/61903/1:2:41HD-BY2Z
6X3T-W3N5	https://www.familysearch.org/ark:/61903/1:2:41H8-PHZP
6X3R-QDH5	https://www.familysearch.org/ark:/61903/1:2:41H8-PTTP
6X35-L7TJ	https://www.familysearch.org/ark:/61903/1:2:41H8-V8HX
6X35-ZFVV	https://www.familysearch.org/ark:/61903/1:2:41HD-W265
6X35-KYLP	https://www.familysearch.org/ark:/61903/1:2:41H8-NBX4
6X3B-7Z4N	https://www.familysearch.org/ark:/61903/1:2:41H6-HBB8
6X35-V1Z5	https://www.familysearch.org/ark:/61903/1:2:41H8-FFJS
6X35-BZ81	https://www.familysearch.org/ark:/61903/1:2:41H8-B4WT
6X3R-GVYN	https://www.familysearch.org/ark:/61903/1:2:41H8-RS68
6X35-6XVV	https://www.familysearch.org/ark:/61903/1:2:41HD-XSZ8
6X3R-6VYK	https://www.familysearch.org/ark:/61903/1:2:41H8-5G3P
6X3S-PSH1	https://www.familysearch.org/ark:/61903/1:2:41H9-2Q64
6X3T-RQSV	https://www.familysearch.org/ark:/61903/1:2:41HD-J1N2
6X3Y-9L55	https://www.familysearch.org/ark:/61903/1:2:41HD-WNQJ
6X35-GQM7	https://www.familysearch.org/ark:/61903/1:2:41HD-7B9T
6X3T-FW19	https://www.familysearch.org/ark:/61903/1:2:41HD-763K
6X35-R3M7	https://www.familysearch.org/ark:/61903/1:2:41HD-HQ4Y
6X3R-KP5K	https://www.familysearch.org/ark:/61903/1:2:41H8-58C3
6X35-39H7	https://www.familysearch.org/ark:/61903/1:2:41H8-5HSY
6X35-5ZHX	https://www.familysearch.org/ark:/61903/1:2:41HD-38KS
6X3R-3V5R	https://www.familysearch.org/ark:/61903/1:2:41HD-DJJW
6X3R-4XF9	https://www.familysearch.org/ark:/61903/1:2:41HD-FW9J
6X35-CLJ5	https://www.familysearch.org/ark:/61903/1:2:41H8-54LD
6X3T-LW31	https://www.familysearch.org/ark:/61903/1:2:41HD-6VSJ
6X3T-9P61	https://www.familysearch.org/ark:/61903/1:2:41HD-L364
6X3R-3F2Z	https://www.familysearch.org/ark:/61903/1:2:41H8-VGJ6
6X3R-X21Y	https://www.familysearch.org/ark:/61903/1:2:41H8-GBHK
6X3R-6J73	https://www.familysearch.org/ark:/61903/1:2:41H8-PYXG
6X3R-KJN3	https://www.familysearch.org/ark:/61903/1:2:41HD-W81V
6X3T-QVZK	https://www.familysearch.org/ark:/61903/1:2:41H8-R965
6X3R-5KVT	https://www.familysearch.org/ark:/61903/1:2:41HD-NC7F
6X3S-RRHJ	https://www.familysearch.org/ark:/61903/1:2:41H9-NG4F
6X3R-XPCB	https://www.familysearch.org/ark:/61903/1:2:41HD-JDNT
6X3R-CDLF	https://www.familysearch.org/ark:/61903/1:2:41HD-4ST2
6X35-R439	https://www.familysearch.org/ark:/61903/1:2:41H8-JM6G
6X3R-MT46	https://www.familysearch.org/ark:/61903/1:2:41H8-V3PN
6X3R-PYF2	https://www.familysearch.org/ark:/61903/1:2:41HD-M792
6X3R-FQKC	https://www.familysearch.org/ark:/61903/1:2:41HD-M77H
6X3C-56GV	https://www.familysearch.org/ark:/61903/1:2:41HQ-FFRF
6X3T-Y2YN	https://www.familysearch.org/ark:/61903/1:2:41HD-BQQZ
6XQS-5WL5	https://www.familysearch.org/ark:/61903/1:2:41HX-KLGK
6XW9-VB2H	https://www.familysearch.org/ark:/61903/1:2:41C7-6K8F
6X3Q-95NV	https://www.familysearch.org/ark:/61903/1:2:41HS-SLKR
6X31-5G7Z	https://www.familysearch.org/ark:/61903/1:2:41H6-M26G
6XQM-ZKBJ	https://www.familysearch.org/ark:/61903/1:2:41H6-8G5T
6X31-V458	https://www.familysearch.org/ark:/61903/1:2:41H6-H6CY
6X33-YXG1	https://www.familysearch.org/ark:/61903/1:2:41H9-KJK8
6XQM-HS6C	https://www.familysearch.org/ark:/61903/1:2:41HX-MLTP
6X3Q-4M2K	https://www.familysearch.org/ark:/61903/1:2:41H9-TX8L
6X3Y-V1RX	https://www.familysearch.org/ark:/61903/1:2:41HD-BCS1
6X3Y-YDG6	https://www.familysearch.org/ark:/61903/1:2:41H6-Q7LF
6X3Y-J66L	https://www.familysearch.org/ark:/61903/1:2:41HD-JLLZ
6X3Y-591M	https://www.familysearch.org/ark:/61903/1:2:41H6-HWNV
6X3Y-J63Z	https://www.familysearch.org/ark:/61903/1:2:41H6-Q7J5
6X3B-MTRZ	https://www.familysearch.org/ark:/61903/1:2:41H6-WDM6
6X31-P762	https://www.familysearch.org/ark:/61903/1:2:41H6-56RP
6X3Y-46J8	https://www.familysearch.org/ark:/61903/1:2:41HD-J2VH
6X31-B2BJ	https://www.familysearch.org/ark:/61903/1:2:41H6-QC1S
6X3Q-XY15	https://www.familysearch.org/ark:/61903/1:2:41HS-Z1KS
6XQ3-1CPV	https://www.familysearch.org/ark:/61903/1:2:41HF-MQMS
6XQQ-MBTH	https://www.familysearch.org/ark:/61903/1:2:41HX-G6D3
6X3B-MGRM	https://www.familysearch.org/ark:/61903/1:2:41H6-MXCK
6X3B-BVRF	https://www.familysearch.org/ark:/61903/1:2:41H6-6NWL
6X3B-H2FF	https://www.familysearch.org/ark:/61903/1:2:41HD-342Q
6X3B-95RV	https://www.familysearch.org/ark:/61903/1:2:41H6-SLGS
6X33-8JRP	https://www.familysearch.org/ark:/61903/1:2:41H9-G9C3
6X31-KGT1	https://www.familysearch.org/ark:/61903/1:2:41H6-HRXV
6X3B-7V18	https://www.familysearch.org/ark:/61903/1:2:41H6-JM1Z
6X3Y-JLDS	https://www.familysearch.org/ark:/61903/1:2:41HD-WK6Z
6X3Y-WJXR	https://www.familysearch.org/ark:/61903/1:2:41HD-6BHT
6X3Y-C277	https://www.familysearch.org/ark:/61903/1:2:41HD-866M
6X3Y-CJ92	https://www.familysearch.org/ark:/61903/1:2:41H6-9Q4X
6X3Y-4CNN	https://www.familysearch.org/ark:/61903/1:2:41HD-R1Z9
6X3Y-YZ9D	https://www.familysearch.org/ark:/61903/1:2:41H6-9NHT
6XQ3-J6SS	https://www.familysearch.org/ark:/61903/1:2:41HX-G648
6XQM-7XGR	https://www.familysearch.org/ark:/61903/1:2:41H6-WHHY
6X3T-8S6Y	https://www.familysearch.org/ark:/61903/1:2:41HD-9PDX
6XQM-9PH6	https://www.familysearch.org/ark:/61903/1:2:41H6-ZH8R
6X3R-1282	https://www.familysearch.org/ark:/61903/1:2:41HD-KLVD
6X31-2DD6	https://www.familysearch.org/ark:/61903/1:2:41HX-MLRD
6X3T-6J93	https://www.familysearch.org/ark:/61903/1:2:41HD-HC65
6X3T-9NS5	https://www.familysearch.org/ark:/61903/1:2:41HD-WYGQ
6X33-ST34	https://www.familysearch.org/ark:/61903/1:2:41H9-JW73
6X3Y-YGH1	https://www.familysearch.org/ark:/61903/1:2:41H6-9438
6X3T-K69C	https://www.familysearch.org/ark:/61903/1:2:41HD-N8XB
6X3R-5BJR	https://www.familysearch.org/ark:/61903/1:2:41HD-JFW3
6X3R-5B11	https://www.familysearch.org/ark:/61903/1:2:41HD-SXPY
6X3T-9LZJ	https://www.familysearch.org/ark:/61903/1:2:41HD-9LP7
6X3T-8SSZ	https://www.familysearch.org/ark:/61903/1:2:41H8-TTZY
6X3Y-32DM	https://www.familysearch.org/ark:/61903/1:2:41HD-NF98
6X3T-8SCC	https://www.familysearch.org/ark:/61903/1:2:41HD-KLK5
6XQQ-MBG5	https://www.familysearch.org/ark:/61903/1:2:41HF-39D3
6X3T-L48S	https://www.familysearch.org/ark:/61903/1:2:41HD-NF72
6X3Y-3244	https://www.familysearch.org/ark:/61903/1:2:41HD-NX1G
6X3T-HQ83	https://www.familysearch.org/ark:/61903/1:2:41HD-LQCV
6X3R-XWRG	https://www.familysearch.org/ark:/61903/1:2:41HD-65GJ
6X3R-RC25	https://www.familysearch.org/ark:/61903/1:2:41HD-LTQB
6XQM-QZ1K	https://www.familysearch.org/ark:/61903/1:2:41H6-2Y15
6XQ3-HJ44	https://www.familysearch.org/ark:/61903/1:2:41HX-88WT
6X31-7CLQ	https://www.familysearch.org/ark:/61903/1:2:41H6-HCY9
6X3B-54LT	https://www.familysearch.org/ark:/61903/1:2:41H6-9VNL
6X31-LQBT	https://www.familysearch.org/ark:/61903/1:2:41H6-5QXB
6XQM-Z13G	https://www.familysearch.org/ark:/61903/1:2:41HX-9XQR
6X31-J1YG	https://www.familysearch.org/ark:/61903/1:2:41H6-D2JZ
6X33-YXDM	https://www.familysearch.org/ark:/61903/1:2:41H9-RX84
6X3Y-5XHQ	https://www.familysearch.org/ark:/61903/1:2:41H6-8XXY
6XQZ-WGVY	https://www.familysearch.org/ark:/61903/1:2:41HN-YJYR
6X3T-CD11	https://www.familysearch.org/ark:/61903/1:2:41H8-PB5W
6XQ9-KVHD	https://www.familysearch.org/ark:/61903/1:2:41H6-XDX7
6XQ9-S2RN	https://www.familysearch.org/ark:/61903/1:2:41HX-HJNK
6XQ9-PBTN	https://www.familysearch.org/ark:/61903/1:2:41H6-JGJL
6XQ9-JD5T	https://www.familysearch.org/ark:/61903/1:2:41HX-7CD3
6X3B-PJW4	https://www.familysearch.org/ark:/61903/1:2:41H6-H1JJ
6XQ9-S2PX	https://www.familysearch.org/ark:/61903/1:2:41HX-HJNF
6XQ9-S21M	https://www.familysearch.org/ark:/61903/1:2:41H6-L24Q
6X3R-1ZL2	https://www.familysearch.org/ark:/61903/1:2:41H6-R9FR
6XQM-TPD8	https://www.familysearch.org/ark:/61903/1:2:41H6-R9HC
6X3R-MCWF	https://www.familysearch.org/ark:/61903/1:2:41H8-5CG1
6X3Y-P5XS	https://www.familysearch.org/ark:/61903/1:2:41H6-WPVN
6X3B-ZXPN	https://www.familysearch.org/ark:/61903/1:2:41H6-MND8
6XQ9-KW62	https://www.familysearch.org/ark:/61903/1:2:41HX-W82G
6X31-MLLR	https://www.familysearch.org/ark:/61903/1:2:41HD-L9J1
6X3T-5FWV	https://www.familysearch.org/ark:/61903/1:2:41H6-9Q79
6X3B-QBBH	https://www.familysearch.org/ark:/61903/1:2:41HD-GQ6D
6X3B-V6QT	https://www.familysearch.org/ark:/61903/1:2:41H6-J67X
6X3T-2NQP	https://www.familysearch.org/ark:/61903/1:2:41HD-LQCT
6X3R-26YD	https://www.familysearch.org/ark:/61903/1:2:41HD-DLPY
6X3R-RZ7L	https://www.familysearch.org/ark:/61903/1:2:41HD-MC4N
6X3B-CMWT	https://www.familysearch.org/ark:/61903/1:2:41HD-GQ9N
6X3T-777L	https://www.familysearch.org/ark:/61903/1:2:41HD-MCMK
6X3T-LHWL	https://www.familysearch.org/ark:/61903/1:2:41HD-MC33
6X3T-D5RT	https://www.familysearch.org/ark:/61903/1:2:41HD-JF85
6X31-SV3X	https://www.familysearch.org/ark:/61903/1:2:41H6-DKPW
6X31-75K5	https://www.familysearch.org/ark:/61903/1:2:41H6-4YRH
6X3R-5BB3	https://www.familysearch.org/ark:/61903/1:2:41HD-ZYTK
6X3R-6L8D	https://www.familysearch.org/ark:/61903/1:2:41HD-7ZFJ
6X3T-424V	https://www.familysearch.org/ark:/61903/1:2:41HD-4H54
6X3R-KB36	https://www.familysearch.org/ark:/61903/1:2:41HD-LSTY
6X31-3NY6	https://www.familysearch.org/ark:/61903/1:2:41HD-BLKW
6X31-7MTC	https://www.familysearch.org/ark:/61903/1:2:41H6-9KQB
6X3T-4WBJ	https://www.familysearch.org/ark:/61903/1:2:41H8-TRG9
6X3B-DPB6	https://www.familysearch.org/ark:/61903/1:2:41HD-Y72K
6X3B-WVGC	https://www.familysearch.org/ark:/61903/1:2:41HD-G3C1
6X3R-F441	https://www.familysearch.org/ark:/61903/1:2:41HD-9LH9
6X3B-B6M2	https://www.familysearch.org/ark:/61903/1:2:41HD-TN2P
6X3Y-N8V7	https://www.familysearch.org/ark:/61903/1:2:41H6-SLTZ
6X3B-QP55	https://www.familysearch.org/ark:/61903/1:2:41H6-4X7H
6X3B-G3WD	https://www.familysearch.org/ark:/61903/1:2:41HD-P493
6X35-ZFHQ	https://www.familysearch.org/ark:/61903/1:2:41H8-8SGH
6X3Y-T8CK	https://www.familysearch.org/ark:/61903/1:2:41H6-ZMPB
6X3Y-N823	https://www.familysearch.org/ark:/61903/1:2:41H6-94PR
6X3Y-J637	https://www.familysearch.org/ark:/61903/1:2:41HD-JLJK
6X3B-73XL	https://www.familysearch.org/ark:/61903/1:2:41H6-HB99
6X3Y-CNQ1	https://www.familysearch.org/ark:/61903/1:2:41HD-KX3D
6X3B-GP7Y	https://www.familysearch.org/ark:/61903/1:2:41H6-JDMD
6X3Y-67G9	https://www.familysearch.org/ark:/61903/1:2:41HD-37X3
6XQM-SW99	https://www.familysearch.org/ark:/61903/1:2:41H6-ZLJ9
6X3T-PSHQ	https://www.familysearch.org/ark:/61903/1:2:41HD-FD2S
6X3B-WX5R	https://www.familysearch.org/ark:/61903/1:2:41H6-Z87D
6X3Y-T4WG	https://www.familysearch.org/ark:/61903/1:2:41HD-FF3Y
6X3B-Q2X4	https://www.familysearch.org/ark:/61903/1:2:41HD-DB6Q
6X3T-5X55	https://www.familysearch.org/ark:/61903/1:2:41HD-NXTX
6X3T-YX86	https://www.familysearch.org/ark:/61903/1:2:41H6-MPMH
6XQM-MZVB	https://www.familysearch.org/ark:/61903/1:2:41HX-MLT4
6X3T-L4SY	https://www.familysearch.org/ark:/61903/1:2:41H6-93PK
6X3Y-JW6Z	https://www.familysearch.org/ark:/61903/1:2:41HD-7X11
6X31-KX38	https://www.familysearch.org/ark:/61903/1:2:41H6-QCNN
6X3Y-4CNM	https://www.familysearch.org/ark:/61903/1:2:41HD-37KL
6X3T-Y6TZ	https://www.familysearch.org/ark:/61903/1:2:41HD-L4QQ
6X3T-D29Q	https://www.familysearch.org/ark:/61903/1:2:41HD-BYLG
6X3T-BNXP	https://www.familysearch.org/ark:/61903/1:2:41HD-89LH
6X31-LH63	https://www.familysearch.org/ark:/61903/1:2:41H6-Z7K4
6X3Y-VP4B	https://www.familysearch.org/ark:/61903/1:2:41HD-Y3KZ
6X31-2645	https://www.familysearch.org/ark:/61903/1:2:41H6-4LXQ
6X31-PD3T	https://www.familysearch.org/ark:/61903/1:2:41H6-HRDP
6X3Y-JJHQ	https://www.familysearch.org/ark:/61903/1:2:41HD-6BWY
6X3T-1CN8	https://www.familysearch.org/ark:/61903/1:2:41HD-WJLK
6X3T-LW5J	https://www.familysearch.org/ark:/61903/1:2:41HD-FDXP
6X3T-1HY8	https://www.familysearch.org/ark:/61903/1:2:41HD-FDN7
6XQM-ZBXZ	https://www.familysearch.org/ark:/61903/1:2:41HD-14CZ
6X3T-PDJP	https://www.familysearch.org/ark:/61903/1:2:41HD-DTQX
6X3T-2T2W	https://www.familysearch.org/ark:/61903/1:2:41HD-XCJJ
6X3T-S2XD	https://www.familysearch.org/ark:/61903/1:2:41HD-JF67
6X3T-7B43	https://www.familysearch.org/ark:/61903/1:2:41HD-WFS3
6X3R-129X	https://www.familysearch.org/ark:/61903/1:2:41HD-JF35
6X3T-SK19	https://www.familysearch.org/ark:/61903/1:2:41HD-HCJX
6XQM-7F7R	https://www.familysearch.org/ark:/61903/1:2:41H6-5FNK
6X3T-N34W	https://www.familysearch.org/ark:/61903/1:2:41HD-N8H3
6XQM-HMBG	https://www.familysearch.org/ark:/61903/1:2:41H6-ZHHJ
6X3R-L69B	https://www.familysearch.org/ark:/61903/1:2:41HD-J6GC
6XQ3-DGSV	https://www.familysearch.org/ark:/61903/1:2:41HF-39Z6
6X31-BYDX	https://www.familysearch.org/ark:/61903/1:2:41H6-5TY6
6X3R-X364	https://www.familysearch.org/ark:/61903/1:2:41HD-ZTZ7
6X3R-R7WX	https://www.familysearch.org/ark:/61903/1:2:41HD-78MG
6X3R-1ND7	https://www.familysearch.org/ark:/61903/1:2:41HD-66Y6
6X3T-7GG4	https://www.familysearch.org/ark:/61903/1:2:41HD-WDR8
6XQS-W376	https://www.familysearch.org/ark:/61903/1:2:41H6-LLD7
6X3R-VX9L	https://www.familysearch.org/ark:/61903/1:2:41HD-QY65
6XQ9-9F72	https://www.familysearch.org/ark:/61903/1:2:41HX-HJ6D
6XQ9-RDK3	https://www.familysearch.org/ark:/61903/1:2:41HX-XS57
6X3B-GHSF	https://www.familysearch.org/ark:/61903/1:2:41H6-MBD5
6X3B-J55Q	https://www.familysearch.org/ark:/61903/1:2:41H6-ZFWC
6XQ9-RD1L	https://www.familysearch.org/ark:/61903/1:2:41HX-7CWY
6X3B-TJY6	https://www.familysearch.org/ark:/61903/1:2:41HD-L6PX
6X3R-5SKR	https://www.familysearch.org/ark:/61903/1:2:41HD-Q1W4
6X3T-JYD4	https://www.familysearch.org/ark:/61903/1:2:41H8-TBGP
6XQ9-7V58	https://www.familysearch.org/ark:/61903/1:2:41HX-JD76
6X3B-5ZCV	https://www.familysearch.org/ark:/61903/1:2:41H6-ZSK5
6X3B-BZP3	https://www.familysearch.org/ark:/61903/1:2:41HD-BZ8Q
6X3T-LHVD	https://www.familysearch.org/ark:/61903/1:2:41HD-HZ35
6X3R-L8WY	https://www.familysearch.org/ark:/61903/1:2:41HD-KVK5
6X3T-MRSJ	https://www.familysearch.org/ark:/61903/1:2:41HD-3NLF
6X31-MNQH	https://www.familysearch.org/ark:/61903/1:2:41H6-4FCS
6X3R-P9H3	https://www.familysearch.org/ark:/61903/1:2:41HD-N8FF
6X3Y-RBFF	https://www.familysearch.org/ark:/61903/1:2:41H6-SL5J
6X3Y-J6ZT	https://www.familysearch.org/ark:/61903/1:2:41HD-Y7VW
6X3Y-GHZ7	https://www.familysearch.org/ark:/61903/1:2:41H6-CKP4
6X3B-1Y9L	https://www.familysearch.org/ark:/61903/1:2:41HD-BDW3
6X31-QLXZ	https://www.familysearch.org/ark:/61903/1:2:41H6-2GPN
6X3Y-59TC	https://www.familysearch.org/ark:/61903/1:2:41H6-CKGN
6X3B-H5GF	https://www.familysearch.org/ark:/61903/1:2:41HD-T3PQ
6X3T-YZXC	https://www.familysearch.org/ark:/61903/1:2:41H8-5G2W
6X3B-JLVY	https://www.familysearch.org/ark:/61903/1:2:41HD-2163
6XSY-SX2Q	https://www.familysearch.org/ark:/61903/1:2:414B-HGVT
6X3B-QBPR	https://www.familysearch.org/ark:/61903/1:2:41HD-2CSW
6X3B-42XR	https://www.familysearch.org/ark:/61903/1:2:41H6-HJQV
6X3B-GQNX	https://www.familysearch.org/ark:/61903/1:2:41H6-4TD6
6X31-D27C	https://www.familysearch.org/ark:/61903/1:2:41H6-JBX6
6VT8-8XWB	https://www.familysearch.org/ark:/61903/1:2:HSF4-NZGY
6XHY-HTGX	https://www.familysearch.org/ark:/61903/1:2:41ZZ-3WQZ
KBTV-F9T	https://www.familysearch.org/ark:/61903/1:2:9MBR-ZM57
QVSZ-B2TR	https://www.familysearch.org/ark:/61903/1:2:QKLN-S297
FNPH-CY2	https://www.familysearch.org/ark:/61903/1:2:1KQJ-RRL
KX5B-J7X	https://www.familysearch.org/ark:/61903/1:2:9MKM-9YSK
Q2QJ-LVS9	https://www.familysearch.org/ark:/61903/1:2:QL9J-15RH
6X7V-ZGLM	https://www.familysearch.org/ark:/61903/1:2:41H1-8ZGG
Q2QJ-4SC3	https://www.familysearch.org/ark:/61903/1:2:QL9J-G5H5
Q2QJ-L2KX	https://www.familysearch.org/ark:/61903/1:2:QL9J-1TS6
Q2QJ-47XN	https://www.familysearch.org/ark:/61903/1:2:QL9J-GTMF
6X7J-Y5TC	https://www.familysearch.org/ark:/61903/1:2:41H1-31QV
Q2QN-WYN1	https://www.familysearch.org/ark:/61903/1:2:QL9J-4ZBD
Q2QN-WYFG	https://www.familysearch.org/ark:/61903/1:2:QL9J-4ZYL
XQ52-YZBT	https://www.familysearch.org/ark:/61903/1:2:HCYB-T5F1
6XHT-KC8B	https://www.familysearch.org/ark:/61903/1:2:41ZC-TTXX
6XHT-L4CW	https://www.familysearch.org/ark:/61903/1:2:41ZC-R9TP
6XHT-232G	https://www.familysearch.org/ark:/61903/1:2:41ZC-V3K6
6XHT-B8TX	https://www.familysearch.org/ark:/61903/1:2:41ZC-YWCS
6XHT-TFNX	https://www.familysearch.org/ark:/61903/1:2:41ZZ-S1W1
6XHT-16M3	https://www.familysearch.org/ark:/61903/1:2:41ZC-RX4S
6X3B-H54D	https://www.familysearch.org/ark:/61903/1:2:41H6-C2M1
6X3Y-5W9B	https://www.familysearch.org/ark:/61903/1:2:41H6-HVQ8
6X3B-5K1W	https://www.familysearch.org/ark:/61903/1:2:41H6-HBPQ
6X3B-5KRH	https://www.familysearch.org/ark:/61903/1:2:41H6-HBGX
6X3Y-J64V	https://www.familysearch.org/ark:/61903/1:2:41H6-HJ3K
6X3Y-RQ65	https://www.familysearch.org/ark:/61903/1:2:41H6-MT34
6X3B-T5F6	https://www.familysearch.org/ark:/61903/1:2:41H6-4V87
6X3R-XGYS	https://www.familysearch.org/ark:/61903/1:2:41HD-HW1Y
6X3B-ZDKN	https://www.familysearch.org/ark:/61903/1:2:41HD-KBNB
6X3B-2SB1	https://www.familysearch.org/ark:/61903/1:2:41H6-W3YK
6XQ3-P4G6	https://www.familysearch.org/ark:/61903/1:2:41HF-W21G
6X31-3WCY	https://www.familysearch.org/ark:/61903/1:2:41H6-2GLH
6XQ3-MTCD	https://www.familysearch.org/ark:/61903/1:2:41HX-GMRG
6X3R-5K7P	https://www.familysearch.org/ark:/61903/1:2:41HD-68Y9
6X3B-DBRK	https://www.familysearch.org/ark:/61903/1:2:41H6-8NPY
6X3Y-BS9K	https://www.familysearch.org/ark:/61903/1:2:41HD-FFJH
6X3B-9MQ3	https://www.familysearch.org/ark:/61903/1:2:41H6-9W2X
6X3B-VRLH	https://www.familysearch.org/ark:/61903/1:2:41HD-T4Q5
6X31-Y8KN	https://www.familysearch.org/ark:/61903/1:2:41H6-J4KV
6X3Y-MG68	https://www.familysearch.org/ark:/61903/1:2:41HD-89RT
6X3Y-328C	https://www.familysearch.org/ark:/61903/1:2:41HD-NFM5
6X3Y-W1SF	https://www.familysearch.org/ark:/61903/1:2:41HD-739K
6X3T-BN16	https://www.familysearch.org/ark:/61903/1:2:41HD-89TN
6X3Y-9R4G	https://www.familysearch.org/ark:/61903/1:2:41HD-FDN1
6X3Y-914Z	https://www.familysearch.org/ark:/61903/1:2:41H6-972D
6X3Y-JJ6J	https://www.familysearch.org/ark:/61903/1:2:41HD-YSQZ
6X3B-G3JB	https://www.familysearch.org/ark:/61903/1:2:41H6-6DW5
6X3R-QCNX	https://www.familysearch.org/ark:/61903/1:2:41HD-WLQM
6XQM-SJRB	https://www.familysearch.org/ark:/61903/1:2:41H6-ZL2Z
6X3Y-JW4Q	https://www.familysearch.org/ark:/61903/1:2:41HD-XCVT
6X3T-R4QX	https://www.familysearch.org/ark:/61903/1:2:41HD-B7KQ
6X3T-5FQT	https://www.familysearch.org/ark:/61903/1:2:41H6-9QQM
6XQM-7FCM	https://www.familysearch.org/ark:/61903/1:2:41H6-JJYF
6X3T-PSHW	https://www.familysearch.org/ark:/61903/1:2:41HD-FD2D
6X3T-BJMG	https://www.familysearch.org/ark:/61903/1:2:41H6-Q9B2
6X3Y-JVSY	https://www.familysearch.org/ark:/61903/1:2:41H6-Q95Z
6X3T-B7YK	https://www.familysearch.org/ark:/61903/1:2:41H6-M8MQ
6X3Y-DHZ1	https://www.familysearch.org/ark:/61903/1:2:41HD-FFTJ
6X3Y-JJZV	https://www.familysearch.org/ark:/61903/1:2:41HD-L4ZX
6X3T-2TK3	https://www.familysearch.org/ark:/61903/1:2:41HD-DT97
6X3Y-JJRT	https://www.familysearch.org/ark:/61903/1:2:41HD-P9DK
6X3Y-MT3N	https://www.familysearch.org/ark:/61903/1:2:41HD-6BYV
6X3Y-JWJS	https://www.familysearch.org/ark:/61903/1:2:41HD-73CW
6X35-JRXX	https://www.familysearch.org/ark:/61903/1:2:41H8-GT4N
6X3T-WH6N	https://www.familysearch.org/ark:/61903/1:2:41HD-MCM5
6X3R-N9G4	https://www.familysearch.org/ark:/61903/1:2:41HD-HZ7N
6X3R-RCYK	https://www.familysearch.org/ark:/61903/1:2:41HD-HC5H
6X3T-CVFL	https://www.familysearch.org/ark:/61903/1:2:41HD-XWXX
6X3T-9TYV	https://www.familysearch.org/ark:/61903/1:2:41HD-WYDR
6X3R-FQC7	https://www.familysearch.org/ark:/61903/1:2:41H8-V32V
6XQM-31GH	https://www.familysearch.org/ark:/61903/1:2:41H6-WNY6
6X31-V4DK	https://www.familysearch.org/ark:/61903/1:2:41H6-9SS9
6X3T-YXWF	https://www.familysearch.org/ark:/61903/1:2:41HD-DTQS
6X3T-HFHB	https://www.familysearch.org/ark:/61903/1:2:41HD-ZYTR
6X3Y-CFY6	https://www.familysearch.org/ark:/61903/1:2:41HD-7XTN
6X3T-5F91	https://www.familysearch.org/ark:/61903/1:2:41HD-37J9
6X3T-N871	https://www.familysearch.org/ark:/61903/1:2:41HD-7SD6
6X3Y-C2QM	https://www.familysearch.org/ark:/61903/1:2:41HD-8663
6X3T-BW7X	https://www.familysearch.org/ark:/61903/1:2:41HD-37VR
6X3T-5X1S	https://www.familysearch.org/ark:/61903/1:2:41HD-7XRY
6X31-GHTJ	https://www.familysearch.org/ark:/61903/1:2:41H6-99YR
6X3R-GFNJ	https://www.familysearch.org/ark:/61903/1:2:41HD-XQXB
6X3R-7HF5	https://www.familysearch.org/ark:/61903/1:2:41H8-VXHV
6X3T-BWQG	https://www.familysearch.org/ark:/61903/1:2:41HD-37VZ
6X3R-5BRB	https://www.familysearch.org/ark:/61903/1:2:41HD-XWXF
6X3Y-Q563	https://www.familysearch.org/ark:/61903/1:2:41HD-R1F4
6X3T-1VPF	https://www.familysearch.org/ark:/61903/1:2:41HD-R1ZZ
6X3Y-CNVT	https://www.familysearch.org/ark:/61903/1:2:41HD-NFWJ
6X3Y-929B	https://www.familysearch.org/ark:/61903/1:2:41HD-H8RB
6X3Y-CRKN	https://www.familysearch.org/ark:/61903/1:2:41HD-DTMS
6X3T-48PD	https://www.familysearch.org/ark:/61903/1:2:41HD-JFZS
6X3R-YN8B	https://www.familysearch.org/ark:/61903/1:2:41H8-R3KN
6X3R-N9J5	https://www.familysearch.org/ark:/61903/1:2:41HD-4HRY
6X3T-JJLQ	https://www.familysearch.org/ark:/61903/1:2:41H8-R3G4
6X3T-K6WK	https://www.familysearch.org/ark:/61903/1:2:41HD-WYPH
6X3T-JWGW	https://www.familysearch.org/ark:/61903/1:2:41HD-WYPB
6X3R-3FCY	https://www.familysearch.org/ark:/61903/1:2:41HD-MSLT
6X31-GHBC	https://www.familysearch.org/ark:/61903/1:2:41H6-BW77
6X3T-MRWV	https://www.familysearch.org/ark:/61903/1:2:41HD-LQXW
6X3T-B9B4	https://www.familysearch.org/ark:/61903/1:2:41HD-F8QM
6X3Y-PGQB	https://www.familysearch.org/ark:/61903/1:2:41HD-P318
6X3T-JWLH	https://www.familysearch.org/ark:/61903/1:2:41HD-JRT6
6X3T-JWN6	https://www.familysearch.org/ark:/61903/1:2:41HD-WYD7
6X31-25L9	https://www.familysearch.org/ark:/61903/1:2:41H6-QDCF
6X3T-9CCG	https://www.familysearch.org/ark:/61903/1:2:41HD-KK94
6X3R-R2CM	https://www.familysearch.org/ark:/61903/1:2:41HD-25C8
6X3T-9LZ2	https://www.familysearch.org/ark:/61903/1:2:41HD-9LPH
6XQS-FQ58	https://www.familysearch.org/ark:/61903/1:2:41HX-NQJ7
6X3T-7745	https://www.familysearch.org/ark:/61903/1:2:41HD-4H24
6X3R-5LR6	https://www.familysearch.org/ark:/61903/1:2:41HD-WD4S
6X3R-1FD3	https://www.familysearch.org/ark:/61903/1:2:41H8-PKGD
6X3R-CMYN	https://www.familysearch.org/ark:/61903/1:2:41HD-4WY9
6XQ9-FVW8	https://www.familysearch.org/ark:/61903/1:2:41HX-WDQC
6XQ3-XHBR	https://www.familysearch.org/ark:/61903/1:2:41HX-CVCC
6XQS-PX85	https://www.familysearch.org/ark:/61903/1:2:41HX-DNMM
6X3T-QLQD	https://www.familysearch.org/ark:/61903/1:2:41HD-NMQV
6X3W-7MLM	https://www.familysearch.org/ark:/61903/1:2:41HS-K38T
6X3R-47X4	https://www.familysearch.org/ark:/61903/1:2:41HD-XYNG
6X3R-M418	https://www.familysearch.org/ark:/61903/1:2:41H8-P5TH
6X3T-WQV9	https://www.familysearch.org/ark:/61903/1:2:41H8-BDHK
6X31-5ZD8	https://www.familysearch.org/ark:/61903/1:2:41H6-9MP6
6XQ3-DSKS	https://www.familysearch.org/ark:/61903/1:2:41HX-HLZG
6X3R-XYQ5	https://www.familysearch.org/ark:/61903/1:2:41HD-SD1J
6X3R-P1MG	https://www.familysearch.org/ark:/61903/1:2:41H8-5GZY
6X3B-23G7	https://www.familysearch.org/ark:/61903/1:2:41H6-QHDM
6X31-SVDM	https://www.familysearch.org/ark:/61903/1:2:41HD-GW91
6XQS-BY2C	https://www.familysearch.org/ark:/61903/1:2:41HX-S3WV
6X3B-LQZZ	https://www.familysearch.org/ark:/61903/1:2:41H6-CMJJ
6XQ3-9N7G	https://www.familysearch.org/ark:/61903/1:2:41HX-X1KC
6X35-JTTS	https://www.familysearch.org/ark:/61903/1:2:41H8-X9VB
6XQ3-ZVC7	https://www.familysearch.org/ark:/61903/1:2:41HX-42R7
6X3B-LQFP	https://www.familysearch.org/ark:/61903/1:2:41H6-N9ZQ
6X35-TKTS	https://www.familysearch.org/ark:/61903/1:2:41HD-748K
6XQS-LKQC	https://www.familysearch.org/ark:/61903/1:2:41HX-ZC7J
6X72-Z9Y8	https://www.familysearch.org/ark:/61903/1:2:41CM-3Y6C
6XHY-NTTB	https://www.familysearch.org/ark:/61903/1:2:41ZZ-WPDJ
6X7N-7LSR	https://www.familysearch.org/ark:/61903/1:2:41HB-K7BK
6XHY-6VH8	https://www.familysearch.org/ark:/61903/1:2:41ZZ-CKSB
6XHY-V834	https://www.familysearch.org/ark:/61903/1:2:41ZZ-37GZ
6XHY-C49H	https://www.familysearch.org/ark:/61903/1:2:41ZZ-3T94
6XHY-WPKX	https://www.familysearch.org/ark:/61903/1:2:41ZZ-HNPP
6XHY-NFKW	https://www.familysearch.org/ark:/61903/1:2:41ZZ-MTRP
6XHY-C43Y	https://www.familysearch.org/ark:/61903/1:2:41ZZ-4T49
6XHY-8MRP	https://www.familysearch.org/ark:/61903/1:2:41ZZ-4SFF
6XHY-WPLV	https://www.familysearch.org/ark:/61903/1:2:41ZZ-MY9X
6X7N-S732	https://www.familysearch.org/ark:/61903/1:2:41HB-262V
6XHY-X8M4	https://www.familysearch.org/ark:/61903/1:2:41ZC-BZYP
6XW9-K1WQ	https://www.familysearch.org/ark:/61903/1:2:41C7-FPW6
6XHT-PFQY	https://www.familysearch.org/ark:/61903/1:2:41ZC-1HKJ
6XHT-6G64	https://www.familysearch.org/ark:/61903/1:2:41ZC-RMCW
6XHT-ZFMG	https://www.familysearch.org/ark:/61903/1:2:41ZZ-MMHV
6XHT-NLJT	https://www.familysearch.org/ark:/61903/1:2:41ZC-1HLV
6XHT-DM3V	https://www.familysearch.org/ark:/61903/1:2:41ZC-L8VQ
6XH1-WC3P	https://www.familysearch.org/ark:/61903/1:2:41ZZ-GJMR
XQ5B-8X37	https://www.familysearch.org/ark:/61903/1:2:HCB7-DFDZ
XQ57-5PFJ	https://www.familysearch.org/ark:/61903/1:2:HCYN-52VH
XQ57-5P6P	https://www.familysearch.org/ark:/61903/1:2:HCYN-52NF
6XH5-HTBS	https://www.familysearch.org/ark:/61903/1:2:41ZC-SCQ3
6X7J-YXQH	https://www.familysearch.org/ark:/61903/1:2:41H1-QNF9
6X7J-R2HS	https://www.familysearch.org/ark:/61903/1:2:41H1-WSH7
6XH5-DNWS	https://www.familysearch.org/ark:/61903/1:2:41ZC-MQQT
6XH5-7QYP	https://www.familysearch.org/ark:/61903/1:2:41ZH-XD24
6XH5-61CR	https://www.familysearch.org/ark:/61903/1:2:41ZC-9YT3
6XH5-X834	https://www.familysearch.org/ark:/61903/1:2:41ZH-YV3S
6XH5-6H1B	https://www.familysearch.org/ark:/61903/1:2:41ZC-S2LL
6XH5-89GW	https://www.familysearch.org/ark:/61903/1:2:41ZC-MF38
6XH5-HF4L	https://www.familysearch.org/ark:/61903/1:2:41ZC-3PFR
6XH5-CVZD	https://www.familysearch.org/ark:/61903/1:2:41ZC-7WY9
6X7L-5G4G	https://www.familysearch.org/ark:/61903/1:2:41H1-F3B1
6XH5-FZ7R	https://www.familysearch.org/ark:/61903/1:2:41ZC-6LD3
6X3D-56NG	https://www.familysearch.org/ark:/61903/1:2:41H4-LW33
